[
  { "model": "books.author", "pk": 1, "fields": { "name": "Михаил Булгаков" } },
  { "model": "books.author", "pk": 2, "fields": { "name": "Фёдор Достоевский" } },
  { "model": "books.author", "pk": 3, "fields": { "name": "Лев Толстой" } },
  { "model": "books.author", "pk": 4, "fields": { "name": "Александр Пушкин" } },
  { "model": "books.author", "pk": 5, "fields": { "name": "Антон Чехов" } },
  { "model": "books.author", "pk": 6, "fields": { "name": "Иван Тургенев" } },
  { "model": "books.author", "pk": 7, "fields": { "name": "Николай Гоголь" } },
  { "model": "books.author", "pk": 8, "fields": { "name": "Максим Горький" } },
  { "model": "books.author", "pk": 9, "fields": { "name": "Владимир Набоков" } },
  { "model": "books.author", "pk": 10, "fields": { "name": "Александр Куприн" } },

  { "model": "books.genre", "pk": 1, "fields": { "name": "Роман" } },
  { "model": "books.genre", "pk": 2, "fields": { "name": "Фантастика" } },
  { "model": "books.genre", "pk": 3, "fields": { "name": "Драма" } },
  { "model": "books.genre", "pk": 4, "fields": { "name": "Сатира" } },
  { "model": "books.genre", "pk": 5, "fields": { "name": "Повесть" } },
  { "model": "books.genre", "pk": 6, "fields": { "name": "Приключения" } },
  { "model": "books.genre", "pk": 7, "fields": { "name": "Поэзия" } },
  { "model": "books.genre", "pk": 8, "fields": { "name": "Мистика" } },
  { "model": "books.genre", "pk": 9, "fields": { "name": "История" } },
  { "model": "books.genre", "pk": 10, "fields": { "name": "Комедия" } },

  { "model": "books.publisher", "pk": 1, "fields": { "name": "Азбука" } },
  { "model": "books.publisher", "pk": 2, "fields": { "name": "Эксмо" } },
  { "model": "books.publisher", "pk": 3, "fields": { "name": "АСТ" } },
  { "model": "books.publisher", "pk": 4, "fields": { "name": "Рипол Классик" } },
  { "model": "books.publisher", "pk": 5, "fields": { "name": "Лениздат" } },
  { "model": "books.publisher", "pk": 6, "fields": { "name": "Молодая гвардия" } },
  { "model": "books.publisher", "pk": 7, "fields": { "name": "Знание" } },
  { "model": "books.publisher", "pk": 8, "fields": { "name": "МИФ" } },
  { "model": "books.publisher", "pk": 9, "fields": { "name": "Наука" } },
  { "model": "books.publisher", "pk": 10, "fields": { "name": "Современник" } },

  {
    "model": "books.book",
    "pk": 1,
    "fields": {
      "title": "Мастер и Маргарита",
      "year": 1967,
      "publisher": 1,
      "condition": 1,
      "description": "Мистический роман о борьбе добра и зла, любви и свободе.",
      "price": "899.00",
      "status": 1,
      "photo": "master_and_margarita.png",
      "authors": [1],
      "genres": [1, 2],
    "created_at": "2024-01-01T12:00:00Z",
    "updated_at": "2024-01-01T12:00:00Z"
    }
  },
  {
    "model": "books.book",
    "pk": 2,
    "fields": {
      "title": "Преступление и наказание",
      "year": 1866,
      "publisher": 2,
      "condition": 2,
      "description": "Классический роман о нравственных страданиях и раскаянии человека.",
      "price": "750.00",
      "status": 1,
      "photo": "crime_and_punishment.png",
      "authors": [2],
      "genres": [1, 3],
    "created_at": "2024-01-01T12:00:00Z",
    "updated_at": "2024-01-01T12:00:00Z"
    }
  },
  {
    "model": "books.book",
    "pk": 3,
    "fields": {
      "title": "Война и мир",
      "year": 1869,
      "publisher": 3,
      "condition": 1,
      "description": "Эпопея о судьбах людей во время наполеоновских войн.",
      "price": "1200.00",
      "status": 3,
      "photo": "war_and_peace.png",
      "authors": [3],
      "genres": [1, 9],
    "created_at": "2024-01-01T12:00:00Z",
    "updated_at": "2024-01-01T12:00:00Z"
    }
  },
  {
    "model": "books.book",
    "pk": 4,
    "fields": {
      "title": "Евгений Онегин",
      "year": 1833,
      "publisher": 4,
      "condition": 2,
      "description": "Роман в стихах о любви, одиночестве и судьбе молодого дворянина.",
      "price": "640.00",
      "status": 2,
      "photo": "eugene_onegin.png",
      "authors": [4],
      "genres": [7, 3],
    "created_at": "2024-01-01T12:00:00Z",
    "updated_at": "2024-01-01T12:00:00Z"
    }
  },
  {
    "model": "books.book",
    "pk": 5,
    "fields": {
      "title": "Роковые яйца",
      "year": 1924,
      "publisher": 5,
      "condition": 1,
      "description": "Фантастическая повесть о научном открытии, обернувшемся катастрофой.",
      "price": "560.00",
      "status": 2,
      "photo": "fatal_eggs.png",
      "authors": [1],
      "genres": [2, 4],
    "created_at": "2024-01-01T12:00:00Z",
    "updated_at": "2024-01-01T12:00:00Z"
    }
  },
  {
    "model": "books.book",
    "pk": 6,
    "fields": {
      "title": "Белая гвардия",
      "year": 1925,
      "publisher": 6,
      "condition": 1,
      "description": "Роман о судьбе интеллигенции во время гражданской войны.",
      "price": "800.00",
      "status": 1,
      "photo": "white_guard.png",
      "authors": [1],
      "genres": [1, 9],
    "created_at": "2024-01-01T12:00:00Z",
    "updated_at": "2024-01-01T12:00:00Z"
    }
  },
  {
    "model": "books.book",
    "pk": 7,
    "fields": {
      "title": "Мёртвые души",
      "year": 1842,
      "publisher": 7,
      "condition": 2,
      "description": "Сатирическое произведение о пороках общества XIX века.",
      "price": "690.00",
      "status": 1,
      "photo": "dead_souls.png",
      "authors": [7],
      "genres": [1, 4],
    "created_at": "2024-01-01T12:00:00Z",
    "updated_at": "2024-01-01T12:00:00Z"
    }
  },
  {
    "model": "books.book",
    "pk": 8,
    "fields": {
      "title": "Отцы и дети",
      "year": 1862,
      "publisher": 8,
      "condition": 1,
      "description": "Философский роман о смене поколений и конфликте взглядов.",
      "price": "720.00",
      "status": 3,
      "photo": "fathers_and_sons.png",
      "authors": [6],
      "genres": [1, 3],
    "created_at": "2024-01-01T12:00:00Z",
    "updated_at": "2024-01-01T12:00:00Z"
    }
  },
  {
    "model": "books.book",
    "pk": 9,
    "fields": {
      "title": "Гранатовый браслет",
      "year": 1911,
      "publisher": 9,
      "condition": 3,
      "description": "Трогательная история неразделённой любви.",
      "price": "590.00",
      "status": 1,
      "photo": "garnet_bracelet.png",
      "authors": [10],
      "genres": [3, 5],
    "created_at": "2024-01-01T12:00:00Z",
    "updated_at": "2024-01-01T12:00:00Z"
    }
  },
  {
    "model": "books.book",
    "pk": 10,
    "fields": {
      "title": "Дар",
      "year": 1938,
      "publisher": 10,
      "condition": 1,
      "description": "Философский роман о судьбе писателя и творчестве.",
      "price": "980.00",
      "status": 1,
      "photo": "gift.png",
      "authors": [9],
      "genres": [1, 3],
    "created_at": "2024-01-01T12:00:00Z",
    "updated_at": "2024-01-01T12:00:00Z"
    }
  }
]
